"","Id","Expected"
"1",1178,-1.21213924884796
"2",4954,-1.22297596931458
"3",1269,-1.13491976261139
"4",5269,-1.3481787443161
"5",143,-1.18333899974823
"6",2531,-1.29720449447632
"7",3219,-1.21442174911499
"8",967,-1.05771350860596
"9",4567,-1.03337097167969
"10",5281,-0.977363169193268
"11",4662,-1.2345803976059
"12",3001,-1.26175081729889
"13",3508,-1.09612143039703
"14",2266,-1.36546564102173
"15",218,-1.25754797458649
"16",5501,-1.34094476699829
"17",3789,-0.94672030210495
"18",2262,-1.38762128353119
"19",1108,-1.29224896430969
"20",4679,-1.32776165008545
"21",674,-1.34811782836914
"22",5547,-1.04985117912292
"23",1395,-1.16364145278931
"24",3936,-1.47939336299896
"25",3706,-1.06669926643372
"26",415,-1.30087006092072
"27",4471,-1.15588998794556
"28",4880,-1.3250812292099
"29",4335,-1.09276604652405
"30",1870,-1.14076626300812
"31",4115,-1.30938303470612
"32",2459,-1.28615856170654
"33",797,-1.14133095741272
"34",2918,-1.37293553352356
"35",1389,-1.18207323551178
"36",1927,-1.10822606086731
"37",2242,-1.27074503898621
"38",3284,-1.2439968585968
"39",650,-1.27242076396942
"40",4396,-1.33517205715179
"41",4877,-1.18981313705444
"42",1487,-1.35108995437622
"43",58,-1.10457253456116
"44",1820,-1.27833640575409
"45",5323,-1.29720449447632
"46",4795,-1.25428092479706
"47",5040,-0.979962527751923
"48",1832,-1.12670981884003
"49",1314,-1.30743968486786
"50",2296,-1.30330276489258
"51",3280,-0.997352540493011
"52",2111,-1.37441062927246
"53",4642,-1.29720449447632
"54",5817,-1.32348465919495
"55",2632,-1.03742575645447
"56",1248,-1.08487701416016
"57",611,-1.2670511007309
"58",3472,-1.3283303976059
"59",422,-1.16474032402039
"60",5463,-1.43239259719849
"61",2362,-1.13115382194519
"62",1441,-1.15104687213898
"63",2329,-1.33816862106323
"64",2937,-1.42380201816559
"65",3173,-1.19054901599884
"66",968,-1.10091352462769
"67",3270,-1.07520282268524
"68",4482,-1.64173877239227
"69",4738,-1.3698902130127
"70",1010,-1.00312411785126
"71",1888,-1.24290585517883
"72",1414,-1.26625502109528
"73",4136,-1.44640123844147
"74",5178,-1.20940136909485
"75",1143,-1.24232637882233
"76",1172,-1.48089492321014
"77",321,-1.14133095741272
"78",206,-1.1683349609375
"79",4815,-1.21071636676788
"80",5191,-1.40370905399323
"81",418,-1.38150668144226
"82",2838,-1.2418395280838
"83",523,-1.11578416824341
"84",1332,-1.14700317382812
"85",1787,-1.28949952125549
"86",200,-1.4544939994812
"87",4985,-1.17975246906281
"88",1894,-1.3833976984024
"89",1557,-1.31322383880615
"90",1410,-1.47226679325104
"91",4191,-1.2732344865799
"92",2634,-1.41750252246857
"93",4801,-1.21790373325348
"94",3914,-1.08608770370483
"95",3165,-1.29720449447632
"96",16,-1.17763018608093
"97",1432,-1.23878085613251
"98",146,-1.2415509223938
"99",3824,-1.34431719779968
"100",5169,-1.24484837055206
"101",1615,-1.25213837623596
"102",1205,-1.07810497283936
"103",1047,-1.25331270694733
"104",4895,-1.36824655532837
"105",1338,-1.13721406459808
"106",1666,-1.37387216091156
"107",5845,-1.18933284282684
"108",3530,-1.09041833877563
"109",2300,-1.1506974697113
"110",3949,-1.34650087356567
"111",1144,-1.33818769454956
"112",4613,-1.1665563583374
"113",5590,-1.09481406211853
"114",3449,-1.2058436870575
"115",1954,-1.10648882389069
"116",632,-1.32733833789825
"117",5208,-1.22731637954712
"118",4512,-1.25139582157135
"119",1087,-1.23557889461517
"120",4179,-1.33079099655151
"121",357,-1.21170246601105
"122",5572,-1.23128592967987
"123",4009,-1.23498368263245
"124",3417,-1.4414689540863
"125",2109,-1.13171851634979
"126",1377,-1.16295194625854
"127",3594,-1.34082961082458
"128",2728,-1.21522533893585
"129",1627,-1.3069920539856
"130",4767,-1.33121716976166
"131",323,-1.10924637317657
"132",4558,-1.26779878139496
"133",1864,-0.978414237499237
"134",2776,-1.29934704303741
"135",4890,-1.2349454164505
"136",989,-1.26136803627014
"137",2903,-1.3833976984024
"138",5575,-1.16049957275391
"139",1345,-1.34593617916107
"140",4228,-1.15596258640289
"141",2805,-1.19281482696533
"142",5186,-1.18471765518188
"143",5506,-1.27678000926971
"144",3089,-1.20527195930481
"145",4653,-1.30472612380981
"146",3384,-1.40015685558319
"147",3939,-1.35086798667908
"148",345,-1.24534714221954
"149",1678,-1.11068534851074
"150",3780,-1.26558613777161
"151",4902,-1.15554404258728
"152",5373,-1.25966000556946
"153",4428,-1.14744758605957
"154",3722,-1.26085782051086
"155",4527,-1.22540283203125
"156",2234,-1.25428092479706
"157",3360,-1.26414477825165
"158",5339,-1.45297062397003
"159",2444,-1.23123419284821
"160",4052,-1.37113678455353
"161",1985,-1.20152187347412
"162",4079,-1.10796964168549
"163",2025,-1.29224896430969
"164",1658,-1.2140941619873
"165",5512,-1.50563418865204
"166",2287,-1.3004994392395
"167",5221,-1.06852984428406
"168",3445,-1.55130922794342
"169",5147,-1.40596437454224
"170",3106,-0.956780314445496
"171",3809,-1.16274058818817
"172",2821,-1.20939981937408
"173",4480,-1.28763806819916
"174",1987,-1.61286079883575
"175",1932,-1.18937957286835
"176",1312,-1.28565168380737
"177",3131,-1.24730312824249
"178",3210,-1.36694073677063
"179",458,-1.44325816631317
"180",1535,-1.04985117912292
"181",470,-1.27555680274963
"182",732,-1.13331437110901
"183",439,-1.43558812141418
"184",1873,-1.12676310539246
"185",1792,-1.43597292900085
"186",5136,-1.22731637954712
"187",1731,-1.37386858463287
"188",2434,-1.43724739551544
"189",4300,-1.28803193569183
"190",3704,-1.01615250110626
"191",2371,-1.30681693553925
"192",1916,-1.4249724149704
"193",4002,-1.25844264030457
"194",2420,-1.4133768081665
"195",2739,-1.11902236938477
"196",260,-1.08039283752441
"197",4279,-1.36256885528564
"198",2170,-1.37128865718842
"199",1668,-1.42803978919983
"200",5002,-1.14076626300812
"201",4520,-1.24630701541901
"202",934,-1.33151710033417
"203",77,-1.26463353633881
"204",3031,-1.27402019500732
"205",2308,-1.24318945407867
"206",878,-1.3422122001648
"207",2992,-1.38781642913818
"208",3288,-1.22217381000519
"209",3463,-1.35611748695374
"210",1602,-1.15608537197113
"211",194,-1.34635508060455
"212",1216,-1.39081597328186
"213",1355,-1.44199478626251
"214",4408,-1.18222951889038
"215",4130,-1.25213837623596
"216",943,-1.22375988960266
"217",3600,-1.20495510101318
"218",9,-1.16486608982086
"219",702,-1.33121716976166
"220",491,-1.18715798854828
"221",2533,-1.29776918888092
"222",193,-1.05028462409973
"223",116,-1.15802538394928
"224",4719,-1.26051914691925
"225",4812,-1.21541309356689
"226",856,-1.12173902988434
"227",2445,-1.19885683059692
"228",1897,-1.19611668586731
"229",1789,-1.13171851634979
"230",563,-1.31803798675537
"231",3778,-1.20093643665314
"232",3153,-1.28615856170654
"233",3727,-1.17039000988007
"234",3900,-1.137127161026
"235",1368,-1.12887668609619
"236",5751,-0.984137058258057
"237",2008,-1.25213837623596
"238",5602,-1.34667944908142
"239",4448,-1.23696625232697
"240",2239,-1.26625502109528
"241",2343,-1.20223701000214
"242",2024,-1.29776918888092
"243",3650,-1.17988562583923
"244",5366,-1.14601075649261
"245",3149,-1.33489596843719
"246",2811,-1.24349117279053
"247",5561,-1.21770393848419
"248",2213,-1.06592607498169
"249",4855,-1.16516661643982
"250",876,-1.26980984210968
"251",3770,-1.06968891620636
"252",1898,-1.32653284072876
"253",4268,-1.23277485370636
"254",3158,-1.04985117912292
"255",4030,-1.02816200256348
"256",4658,-1.22842121124268
"257",3783,-1.24415552616119
"258",5711,-1.24002313613892
"259",1688,-1.24982237815857
"260",3268,-1.25640416145325
"261",2701,-1.22721195220947
"262",5514,-1.2066216468811
"263",2645,-1.26623249053955
"264",215,-1.25573754310608
"265",3362,-1.29934704303741
"266",3956,-1.10020434856415
"267",3289,-1.21270394325256
"268",2904,-1.4133768081665
"269",1165,-1.26052367687225
"270",580,-1.31639993190765
"271",4149,-1.30738162994385
"272",4870,-1.29568314552307
"273",3245,-1.37159764766693
"274",3235,-1.18135344982147
"275",5110,-1.14987087249756
"276",2263,-1.19885683059692
"277",4720,-1.29107928276062
"278",672,-1.3815301656723
"279",3014,-1.30472612380981
"280",1020,-1.27897131443024
"281",3330,-1.16650462150574
"282",5605,-1.09890270233154
"283",3619,-1.27047026157379
"284",3166,-1.02449834346771
"285",2264,-1.22376430034637
"286",5686,-1.21442174911499
"287",2487,-1.24084663391113
"288",5400,-1.33316969871521
"289",3656,-1.19750332832336
"290",2292,-1.29297745227814
"291",2787,-1.51040363311768
"292",4418,-1.18033671379089
"293",690,-1.33925175666809
"294",5793,-1.49153804779053
"295",1128,-1.06332457065582
"296",873,-1.195965051651
"297",4588,-1.29224896430969
"298",5065,-1.37538182735443
"299",1717,-1.16621994972229
"300",309,-1.21882855892181
"301",2929,-1.10322177410126
"302",3162,-1.01216089725494
"303",4759,-1.23061847686768
"304",1064,-1.18270266056061
"305",2214,-1.34808206558228
"306",4661,-1.23764967918396
"307",5824,-1.08277082443237
"308",1543,-1.13294267654419
"309",2469,-1.16370034217834
"310",5080,-1.28413367271423
"311",5259,-1.02602136135101
"312",3969,-1.06933057308197
"313",665,-1.3671041727066
"314",5106,-1.09607040882111
"315",1607,-1.06325209140778
"316",3251,-1.28341162204742
"317",5174,-1.27704107761383
"318",62,-1.39914405345917
"319",544,-1.1708357334137
"320",5294,-1.23487663269043
"321",3887,-1.33849370479584
"322",2635,-1.02225983142853
"323",5418,-1.2838282585144
"324",4693,-1.26814365386963
"325",620,-1.26437258720398
"326",4652,-1.13115382194519
"327",5596,-1.22540283203125
"328",2626,-1.3818975687027
"329",4391,-1.26175081729889
"330",5396,-1.35278570652008
"331",1896,-1.20485591888428
"332",1647,-1.24523317813873
"333",5819,-1.31428062915802
"334",4577,-1.35264992713928
"335",1036,-1.06239056587219
"336",5144,-1.0577255487442
"337",2476,-1.2305474281311
"338",2960,-1.40499472618103
"339",1074,-1.32004058361053
"340",278,-1.15958535671234
"341",4695,-1.27694451808929
"342",2936,-1.09880459308624
"343",2935,-1.26852881908417
"344",2467,-1.25572037696838
"345",654,-1.40352034568787
"346",4034,-1.30348122119904
"347",1133,-1.23331463336945
"348",886,-1.20969343185425
"349",4424,-1.29720449447632
"350",1490,-1.15583860874176
"351",5168,-1.28563809394836
"352",1948,-1.0167008638382
"353",247,-1.25178897380829
"354",4437,-1.26688539981842
"355",5197,-1.35954737663269
"356",1783,-1.39452648162842
"357",4733,-1.13329648971558
"358",4781,-1.21513175964355
"359",74,-1.11992657184601
"360",4476,-1.3871636390686
"361",2419,-1.2462363243103
"362",3581,-1.32521772384644
"363",4430,-1.27458226680756
"364",5032,-1.29531967639923
"365",1540,-1.19049096107483
"366",2669,-1.26550197601318
"367",4470,-1.04632413387299
"368",4404,-1.26415479183197
"369",1141,-1.2098571062088
"370",2298,-1.13481938838959
"371",1574,-1.21623408794403
"372",5298,-1.48582708835602
"373",4499,-1.22782814502716
"374",1025,-1.23719811439514
"375",3051,-1.23711538314819
"376",4754,-1.35645413398743
"377",2954,-1.15607309341431
"378",1680,-1.25679528713226
"379",4918,-1.25706100463867
"380",3121,-1.1305468082428
"381",4047,-1.25883495807648
"382",1166,-1.25270307064056
"383",1623,-1.29776918888092
"384",5352,-1.34550487995148
"385",2536,-1.08113217353821
"386",1510,-1.3774825334549
"387",3473,-1.28444480895996
"388",63,-1.0850248336792
"389",2941,-1.56317102909088
"390",4056,-1.08239126205444
"391",3613,-1.09926962852478
"392",3931,-1.46498775482178
"393",3334,-1.38905727863312
"394",2470,-1.47770547866821
"395",5195,-1.20846927165985
"396",1275,-1.01786911487579
"397",445,-1.4733704328537
"398",5148,-1.02697670459747
"399",3459,-1.08879494667053
"400",1459,-1.34429740905762
"401",4429,-1.13683331012726
"402",1856,-1.25213837623596
"403",4440,-1.09313583374023
"404",3997,-1.03337097167969
"405",2867,-1.2345803976059
"406",3762,-1.00525808334351
"407",2322,-1.29776918888092
"408",2984,-1.3276504278183
"409",5560,-1.21617388725281
"410",5210,-1.13024866580963
"411",2846,-1.35753309726715
"412",5292,-1.11282026767731
"413",3385,-1.27917695045471
"414",3116,-1.26085782051086
"415",158,-1.20939981937408
"416",5243,-1.37189424037933
"417",4379,-1.06726396083832
"418",3977,-1.29776918888092
"419",5782,-1.25747442245483
"420",4951,-1.33569037914276
"421",226,-1.23881793022156
"422",1270,-1.29572105407715
"423",5130,-1.20483613014221
"424",694,-0.968521654605865
"425",3635,-1.29720449447632
"426",2563,-1.20217335224152
"427",4536,-1.25717866420746
"428",3950,-1.38150668144226
"429",2837,-1.30097043514252
"430",4547,-1.29137313365936
"431",1044,-1.12368404865265
"432",1816,-1.24897634983063
"433",4306,-1.47987174987793
"434",1498,-1.34920930862427
"435",3731,-1.20573163032532
"436",2441,-1.26456761360168
"437",5187,-1.34240090847015
"438",2842,-1.13491976261139
"439",4387,-1.23329341411591
"440",5499,-1.10381412506104
"441",2091,-1.26628458499908
"442",1972,-1.39452648162842
"443",2133,-1.30681693553925
"444",4692,-1.37189424037933
"445",5529,-1.16642928123474
"446",5604,-1.17749845981598
"447",859,-1.25178897380829
"448",3043,-1.1560492515564
"449",5407,-1.29439604282379
"450",1452,-1.31349861621857
"451",474,-1.1196631193161
"452",4178,-1.2211309671402
"453",3886,-1.20581424236298
"454",4581,-1.18780660629272
"455",1516,-1.13171851634979
"456",1145,-1.28615856170654
"457",4921,-1.11202275753021
"458",2489,-1.04241859912872
"459",339,-1.13115382194519
"460",3561,-1.2348780632019
"461",5479,-1.26750528812408
"462",5571,-1.30354464054108
"463",575,-1.47647786140442
"464",3252,-1.27458226680756
"465",515,-1.40521168708801
"466",3746,-1.30147850513458
"467",361,-1.19276595115662
"468",1583,-1.3417717218399
"469",2517,-1.29224896430969
"470",1353,-1.44526660442352
"471",2693,-1.06789064407349
"472",3109,-1.39452648162842
"473",2065,-1.32669186592102
"474",5117,-1.56812655925751
"475",5491,-1.34989523887634
"476",2117,-1.12045753002167
"477",3705,-1.13386118412018
"478",2046,-1.34981870651245
"479",5033,-0.922715604305267
"480",3359,-1.04473197460175
"481",2841,-1.18033671379089
"482",3247,-1.42278015613556
"483",1126,-1.19732284545898
"484",802,-1.24894165992737
"485",3169,-1.09748840332031
"486",211,-1.18033671379089
"487",4737,-1.33603119850159
"488",1749,-1.27868866920471
"489",2973,-1.32512521743774
"490",5777,-1.10552191734314
"491",1677,-1.2419935464859
"492",1579,-1.26175081729889
"493",2832,-1.00582468509674
"494",612,-1.13171851634979
"495",3987,-1.28920722007751
"496",704,-1.35094857215881
"497",4646,-1.34757471084595
"498",5527,-1.35102272033691
"499",4854,-1.20797085762024
"500",4770,-1.38034653663635
"501",4113,-1.22415232658386
"502",185,-1.2983672618866
"503",1065,-1.41643297672272
"504",2562,-1.24844193458557
"505",1598,-1.42854905128479
"506",5428,-1.38329350948334
"507",4989,-1.30557346343994
"508",2388,-1.27561354637146
"509",4319,-1.12635540962219
"510",4600,-1.03411078453064
"511",1110,-1.41394281387329
"512",2453,-0.992397129535675
"513",1435,-1.2339414358139
"514",3847,-1.25611662864685
"515",4152,-1.23808825016022
"516",3584,-1.3537278175354
"517",3350,-1.2041482925415
"518",1138,-1.11858975887299
"519",4332,-1.28672325611115
"520",1002,-1.3301590681076
"521",1196,-1.25899851322174
"522",5256,-1.22520542144775
"523",3468,-1.47847664356232
"524",3024,-1.17988562583923
"525",3660,-1.26646661758423
"526",246,-1.21582388877869
"527",4296,-1.18822729587555
"528",5361,-1.17423224449158
"529",453,-1.27897000312805
"530",1161,-1.12835836410522
"531",4760,-1.38210105895996
"532",3604,-1.15672898292542
"533",5264,-1.13493502140045
"534",5196,-1.43346607685089
"535",972,-1.16249394416809
"536",2535,-1.22368907928467
"537",997,-1.24844193458557
"538",2180,-1.1845588684082
"539",5037,-1.23948466777802
"540",2818,-1.41595852375031
"541",5026,-1.38781642913818
"542",990,-1.23588120937347
"543",245,-1.20939981937408
"544",4914,-1.19314992427826
"545",2069,-1.22847580909729
"546",776,-1.28132581710815
"547",5704,-1.28878033161163
"548",688,-1.05655097961426
"549",3421,-1.27561354637146
"550",4698,-1.15744364261627
"551",5314,-1.16409134864807
"552",4517,-1.30612504482269
"553",933,-1.20072615146637
"554",5313,-1.34490251541138
"555",2862,-1.14918804168701
"556",256,-1.27617824077606
"557",3760,-1.18621981143951
"558",1428,-1.39154767990112
"559",4308,-1.29720449447632
"560",3881,-1.38207137584686
"561",1570,-1.20846927165985
"562",5557,-1.45202493667603
"563",1646,-1.29720449447632
"564",4866,-1.61389994621277
"565",4830,-1.27567768096924
"566",1421,-1.35946440696716
"567",3117,-1.14076626300812
"568",5013,-1.2163108587265
"569",5783,-1.32250583171844
"570",297,-1.29720449447632
"571",4632,-1.14433813095093
"572",5450,-1.45999920368195
"573",2555,-1.32108628749847
"574",534,-1.23245620727539
"575",3179,-1.20955848693848
"576",4194,-1.2826863527298
"577",762,-1.51157605648041
"578",1298,-1.35680985450745
"579",186,-1.25007688999176
"580",2137,-1.12889909744263
"581",4863,-1.37932336330414
"582",5189,-1.22468090057373
"583",442,-1.04893577098846
"584",3830,-1.31210589408875
"585",18,-1.05937457084656
"586",4280,-1.22853219509125
"587",5128,-1.20339727401733
"588",940,-1.13383221626282
"589",4438,-1.35348474979401
"590",2340,-1.35509729385376
"591",3645,-1.21873354911804
"592",123,-1.30545496940613
"593",4838,-1.17869818210602
"594",3504,-1.25030267238617
"595",289,-1.47482705116272
"596",5265,-0.987740159034729
"597",3227,-1.32187461853027
"598",3176,-1.27594995498657
"599",4250,-1.11044704914093
"600",752,-1.30097043514252
"601",3327,-1.27109622955322
"602",3216,-1.33961856365204
"603",811,-1.05889737606049
"604",999,-1.34568417072296
"605",5541,-1.37387585639954
"606",3757,-1.14249897003174
"607",3541,-1.36232662200928
"608",4193,-1.17408847808838
"609",2042,-1.25787794589996
"610",701,-1.38091123104095
"611",5167,-1.31030583381653
"612",2030,-1.21590185165405
"613",79,-1.38150668144226
"614",3791,-1.36756765842438
"615",1641,-1.4333803653717
"616",5310,-1.08113217353821
"617",5549,-1.52867102622986
"618",3206,-1.25930094718933
"619",3571,-1.1904069185257
"620",4627,-1.24211263656616
"621",4206,-1.06381189823151
"622",2101,-1.24203264713287
"623",2282,-1.25435590744019
"624",5413,-1.31132113933563
"625",5857,-1.22715377807617
"626",3828,-1.13562059402466
"627",3693,-1.03280627727509
"628",4741,-1.39723372459412
"629",366,-1.25213837623596
"630",2599,-1.26987481117249
"631",2026,-1.25572037696838
"632",4552,-1.24564707279205
"633",310,-1.37590777873993
"634",2900,-1.10375761985779
"635",2951,-1.12762951850891
"636",2135,-1.1331399679184
"637",1347,-1.14001214504242
"638",2546,-1.04830622673035
"639",1409,-1.45146608352661
"640",3393,-1.08207249641418
"641",1099,-1.44230496883392
"642",1858,-1.38396239280701
"643",4412,-1.13679993152618
"644",5513,-1.31133711338043
"645",4944,-1.32423901557922
"646",2808,-1.25583946704865
"647",5807,-1.49895191192627
"648",2649,-1.11277091503143
"649",1769,-1.62421488761902
"650",3835,-1.21341133117676
"651",4621,-1.22140252590179
"652",1596,-1.13079679012299
"653",3486,-1.06207025051117
"654",1190,-1.08772623538971
"655",721,-1.24523317813873
"656",4439,-1.20267558097839
"657",2747,-0.929609417915344
"658",305,-0.979996919631958
"659",3323,-1.34654271602631
"660",1713,-1.29193782806396
"661",4806,-0.918157696723938
"662",1046,-1.1377032995224
"663",1525,-1.28838610649109
"664",2578,-1.04494750499725
"665",5802,-1.29374885559082
"666",1649,-1.46921622753143
"667",2072,-1.29419898986816
"668",870,-1.29720449447632
"669",3957,-1.15235877037048
"670",3922,-1.13189649581909
"671",265,-1.25213837623596
"672",4177,-1.33326470851898
"673",4346,-1.29224896430969
"674",1188,-1.10406804084778
"675",4677,-1.26287853717804
"676",979,-0.960552036762238
"677",3919,-1.29224896430969
"678",490,-1.32292699813843
"679",5823,-1.30854785442352
"680",1256,-1.20339727401733
"681",3686,-1.40838706493378
"682",869,-1.08699655532837
"683",4053,-1.13042509555817
"684",3301,-1.45854508876801
"685",1949,-1.15648639202118
"686",4861,-1.25007164478302
"687",432,-1.36160635948181
"688",3557,-1.05935215950012
"689",3090,-1.40664207935333
"690",4663,-1.17968916893005
"691",1842,-1.25213837623596
"692",5495,-1.27561354637146
"693",526,-1.20814287662506
"694",4578,-1.28477907180786
"695",3072,-1.28973460197449
"696",301,-1.18822729587555
"697",2503,-1.25136244297028
"698",3455,-0.963677704334259
"699",5088,-1.29720449447632
"700",3136,-1.34593617916107
"701",1885,-1.14071643352509
"702",909,-1.22540283203125
"703",2797,-1.21126365661621
"704",2395,-1.28617346286774
"705",1026,-1.12024080753326
"706",1304,-1.16628670692444
"707",2084,-1.27065801620483
"708",1935,-1.24234759807587
"709",5713,-1.43417477607727
"710",3462,-1.22376430034637
"711",1491,-1.2803920507431
"712",842,-1.27879023551941
"713",761,-1.26959884166718
"714",3618,-1.21403861045837
"715",2848,-1.45900297164917
"716",3189,-1.35562896728516
"717",5865,-1.41040444374084
"718",3457,-1.18884646892548
"719",379,-1.30569934844971
"720",5415,-1.39452648162842
"721",467,-1.12015187740326
"722",1676,-1.12424874305725
"723",5765,-1.18408906459808
"724",5328,-1.38781642913818
"725",3701,-1.04241859912872
"726",2032,-1.3639680147171
"727",564,-1.29720449447632
"728",15,-1.19885683059692
"729",5552,-1.39452648162842
"730",2887,-1.25590431690216
"731",1847,-1.30087006092072
"732",3122,-1.14133095741272
"733",2958,-1.36521542072296
"734",1686,-1.08113217353821
"735",4664,-1.19942152500153
"736",1840,-1.12231111526489
"737",2407,-1.14076626300812
"738",3067,-1.29934704303741
"739",5477,-1.1939058303833
"740",4937,-1.39747035503387
"741",827,-1.0724880695343
"742",3095,-1.17847335338593
"743",2359,-1.12067258358002
"744",1967,-1.19932103157043
"745",2390,-1.19593107700348
"746",5531,-1.18994915485382
"747",4584,-1.3348902463913
"748",4351,-1.34017562866211
"749",3825,-1.23179888725281
"750",81,-1.04032790660858
"751",1265,-1.16217589378357
"752",3423,-1.21590185165405
"753",5755,-1.35829710960388
"754",3893,-1.43629610538483
"755",1659,-1.1445175409317
"756",1251,-1.25948786735535
"757",810,-1.28547751903534
"758",4325,-1.35574877262115
"759",2303,-1.26482665538788
"760",2232,-1.28493618965149
"761",5585,-1.29264914989471
"762",850,-1.24253690242767
"763",96,-1.21969032287598
"764",5427,-1.22181928157806
"765",3928,-1.33716213703156
"766",4617,-0.90105676651001
"767",4029,-1.19932103157043
"768",4386,-1.04985117912292
"769",2070,-1.17696273326874
"770",686,-1.33868205547333
"771",2365,-1.29577100276947
"772",5457,-1.16364145278931
"773",3387,-1.2098571062088
"774",2295,-1.25213837623596
"775",1401,-1.24730312824249
"776",5600,-1.04683113098145
"777",5875,-1.35859680175781
"778",5387,-1.1679230928421
"779",2590,-1.2249698638916
"780",2890,-1.32802176475525
"781",1268,-0.957086980342865
"782",751,-1.1513968706131
"783",4068,-1.07629704475403
"784",2093,-1.21301102638245
"785",5486,-1.25270307064056
"786",941,-1.01321220397949
"787",1449,-1.2084139585495
"788",4271,-1.3717634677887
"789",3849,-1.22667717933655
"790",1043,-1.29725623130798
"791",530,-1.29720449447632
"792",3038,-1.29720449447632
"793",3134,-1.27720749378204
"794",147,-1.22847580909729
"795",1626,-1.29720449447632
"796",4458,-1.28319001197815
"797",1276,-0.973718285560608
"798",4910,-1.38146865367889
"799",4234,-1.12917983531952
"800",5326,-1.06228733062744
"801",4594,-1.24523317813873
"802",1712,-0.619874060153961
"803",1959,-1.31803798675537
"804",2878,-1.17531478404999
"805",4147,-1.45690727233887
"806",2548,-1.17099928855896
"807",2993,-1.2305474281311
"808",2311,-1.25213837623596
"809",2711,-1.37046074867249
"810",1732,-1.17621695995331
"811",3154,-1.40204811096191
"812",4091,-1.17536962032318
"813",298,-1.25270307064056
"814",1886,-1.46785819530487
"815",353,-1.34098064899445
"816",1914,-1.19999051094055
"817",258,-1.0828115940094
"818",3785,-1.23737275600433
"819",4094,-1.08125245571136
"820",4390,-1.16159975528717
"821",5691,-1.27536582946777
"822",706,-1.32626163959503
"823",1423,-1.25948786735535
"824",782,-1.19712221622467
"825",4263,-1.06294524669647
"826",4259,-1.25646901130676
"827",5656,-1.15470480918884
"828",5562,-1.17531478404999
"829",4685,-1.29720449447632
"830",1335,-0.991786420345306
"831",2228,-1.34098064899445
"832",5565,-1.45428156852722
"833",3194,-1.52316415309906
"834",3105,-1.14133095741272
"835",3820,-1.26005256175995
"836",296,-1.2380690574646
"837",5283,-1.12619841098785
"838",1192,-1.21239745616913
"839",2277,-1.18044817447662
"840",1003,-1.19242262840271
"841",553,-1.50444531440735
"842",68,-1.29720449447632
"843",5389,-1.24883019924164
"844",1289,-1.1900337934494
"845",262,-1.0667759180069
"846",1697,-1.21689188480377
"847",3774,-1.2906631231308
"848",4185,-1.17035925388336
"849",2336,-1.4652293920517
"850",5740,-1.24996888637543
"851",3663,-1.11846232414246
"852",4648,-0.916392505168915
"853",4569,-1.1859724521637
"854",5062,-0.976560175418854
"855",4506,-1.16336584091187
"856",1689,-1.26304578781128
"857",221,-1.03062856197357
"858",4799,-1.25094890594482
"859",4595,-1.26523625850677
"860",4165,-1.27402019500732
"861",267,-1.11044704914093
"862",394,-1.22847580909729
"863",4212,-1.20416128635406
"864",503,-1.17231047153473
"865",4968,-1.10936093330383
"866",4035,-1.22242558002472
"867",4943,-0.985315382480621
"868",3941,-1.41241037845612
"869",5698,-1.3988641500473
"870",5405,-1.09144759178162
"871",3521,-1.28162503242493
"872",2122,-1.48438990116119
"873",5099,-1.20912027359009
"874",4326,-1.39452648162842
"875",5712,-1.04353582859039
"876",5441,-1.2913715839386
"877",2898,-1.25817835330963
"878",5063,-1.13115382194519
"879",1684,-1.20961976051331
"880",2865,-1.25640416145325
"881",3672,-1.29720449447632
"882",5152,-1.1357524394989
"883",4771,-1.27074301242828
"884",4086,-1.19989240169525
"885",4455,-1.25918650627136
"886",2606,-1.13859283924103
"887",4238,-1.18732702732086
"888",274,-1.23314845561981
"889",2969,-1.3276504278183
"890",4958,-1.11556208133698
"891",3720,-1.33818769454956
"892",2901,-1.29720449447632
"893",3544,-1.38839137554169
"894",1136,-1.38136494159698
"895",4090,-1.22399866580963
"896",5582,-1.20053064823151
"897",5009,-1.17320716381073
"898",993,-1.24203407764435
"899",4597,-1.37798237800598
"900",4060,-1.20408856868744
"901",983,-1.25216341018677
"902",3610,-1.26524686813354
"903",5384,-1.18837559223175
"904",3518,-1.30826413631439
"905",4645,-1.27466213703156
"906",1483,-1.30687117576599
"907",4550,-1.21442174911499
"908",2923,-1.3081271648407
"909",1057,-1.37894701957703
"910",5368,-1.34028279781342
"911",4580,-1.32629489898682
"912",2920,-1.04497790336609
"913",2299,-1.38783860206604
"914",4077,-1.13581085205078
"915",1224,-1.07060539722443
"916",1193,-1.05554759502411
"917",825,-1.36477208137512
"918",5663,-1.22540283203125
"919",5356,-1.41444265842438
"920",3903,-1.31709611415863
"921",212,-1.26463353633881
"922",3781,-1.3658801317215
"923",1122,-1.20950484275818
"924",1103,-1.17600762844086
"925",137,-1.33972990512848
"926",330,-1.28404700756073
"927",3605,-1.28992450237274
"928",4197,-1.23788094520569
"929",867,-1.19283080101013
"930",2856,-1.33976602554321
"931",1447,-1.23088383674622
"932",1431,-1.15257441997528
"933",4260,-1.22181928157806
"934",2305,-1.16883969306946
"935",4316,-1.41578125953674
"936",1775,-1.23274993896484
"937",378,-1.20927250385284
"938",3869,-1.40529489517212
"939",2915,-1.37705850601196
"940",5636,-1.28228032588959
"941",3172,-1.4849545955658
"942",1158,-1.29720449447632
"943",3333,-1.04602003097534
"944",2926,-1.16787397861481
"945",5138,-1.31501531600952
"946",2284,-1.27887105941772
"947",3049,-1.19885683059692
"948",1098,-1.29884302616119
"949",2559,-1.20239114761353
"950",4841,-1.22307753562927
"951",3578,-1.38735806941986
"952",5093,-1.16443872451782
"953",120,-1.33210909366608
"954",5067,-1.48128437995911
"955",3220,-1.14378726482391
"956",3260,-1.29137313365936
"957",4940,-1.21527707576752
"958",2409,-1.18692636489868
"959",3689,-1.25646984577179
"960",4545,-1.10858762264252
"961",5716,-1.11789572238922
"962",1360,-1.05225777626038
"963",5655,-1.19051384925842
"964",1309,-1.01470685005188
"965",2906,-1.0863276720047
"966",4409,-1.10457253456116
"967",444,-1.15624129772186
"968",5160,-1.32729029655457
"969",2132,-1.15345275402069
"970",4082,-1.30349040031433
"971",4500,-1.24466848373413
"972",2195,-1.34154534339905
"973",757,-1.44733428955078
"974",5274,-1.14876687526703
"975",3915,-1.36767971515656
"976",4493,-1.04199910163879
"977",835,-1.25737178325653
"978",4365,-1.31803798675537
"979",5046,-1.23755609989166
"980",4208,-1.27498865127563
"981",1645,-1.37189424037933
"982",1109,-1.14364171028137
"983",3818,-1.09003436565399
"984",84,-1.20020413398743
"985",3230,-1.00430870056152
"986",2197,-1.27081501483917
"987",5607,-1.20444428920746
"988",579,-1.1885871887207
"989",3239,-1.2697821855545
"990",5523,-1.20072245597839
"991",3044,-1.41621530056
"992",240,-1.39030206203461
"993",1952,-1.32468163967133
"994",2378,-1.30681693553925
"995",2938,-1.08938276767731
"996",1390,-1.23500859737396
"997",954,-1.02233815193176
"998",4023,-1.27915048599243
"999",1066,-1.33434975147247
"1000",4253,-1.27936351299286
"1001",1965,-1.40732216835022
"1002",3963,-1.37189424037933
"1003",203,-1.41364669799805
"1004",1439,-1.1419689655304
"1005",5724,-1.43253839015961
"1006",2509,-1.23808825016022
"1007",2047,-1.03384900093079
"1008",2000,-1.27594995498657
"1009",165,-1.20056474208832
"1010",4207,-1.12340450286865
"1011",899,-1.3435583114624
"1012",3228,-1.13012731075287
"1013",1142,-1.28672325611115
"1014",808,-1.22540283203125
"1015",4800,-1.21804440021515
"1016",4939,-1.28015089035034
"1017",2176,-0.936927735805511
"1018",1384,-1.50395405292511
"1019",5021,-1.39242923259735
"1020",1493,-0.953102648258209
"1021",3076,-1.263188123703
"1022",5200,-1.32187259197235
"1023",3751,-1.2333767414093
"1024",4108,-1.09715640544891
"1025",2516,-1.3276504278183
"1026",2641,-1.34593617916107
"1027",529,-1.11366522312164
"1028",3379,-1.12368404865265
"1029",2532,-1.3276504278183
"1030",393,-1.13115382194519
"1031",2215,-1.18787384033203
"1032",405,-1.15639758110046
"1033",1281,-1.28221845626831
"1034",1636,-1.38342559337616
"1035",191,-1.33564329147339
"1036",5535,-1.23123419284821
"1037",5336,-1.25584876537323
"1038",2545,-1.31624984741211
"1039",1250,-1.10776627063751
"1040",2073,-1.16583287715912
"1041",2189,-1.39154767990112
"1042",5095,-1.09626483917236
"1043",2501,-1.31803798675537
"1044",3356,-1.16249394416809
"1045",155,-1.13326108455658
"1046",1992,-1.29943335056305
"1047",3152,-0.993374168872833
"1048",1576,-1.45754706859589
"1049",1163,-1.11858975887299
"1050",2156,-1.2498152256012
"1051",3164,-1.38618671894073
"1052",978,-1.3861311674118
"1053",2572,-1.07366228103638
"1054",4601,-1.22758543491364
"1055",2541,-1.09885334968567
"1056",4038,-1.19942152500153
"1057",139,-1.34757471084595
"1058",4069,-1.41535997390747
"1059",5551,-1.13638138771057
"1060",2418,-1.37711584568024
"1061",2550,-1.22376430034637
"1062",812,-1.32180976867676
"1063",5322,-1.12442898750305
"1064",2715,-1.06828260421753
"1065",118,-1.14548289775848
"1066",1545,-1.3004994392395
"1067",4241,-1.40897834300995
"1068",5599,-1.25453233718872
"1069",3401,-1.35030329227448
"1070",2385,-1.13171851634979
"1071",1466,-1.08608770370483
"1072",1113,-1.11059820652008
"1073",5343,-1.36676967144012
"1074",479,-1.29912197589874
"1075",2045,-1.3170770406723
"1076",3467,-1.45009768009186
"1077",2094,-1.29281365871429
"1078",3302,-1.41158163547516
"1079",2582,-1.20339727401733
"1080",3380,-1.34488081932068
"1081",322,-1.23345875740051
"1082",5248,-1.11678504943848
"1083",4299,-1.38513827323914
"1084",648,-1.40139389038086
"1085",414,-1.26463353633881
"1086",255,-1.03280627727509
"1087",5193,-1.1969119310379
"1088",2249,-1.24466848373413
"1089",5030,-1.21870601177216
"1090",468,-1.08491325378418
"1091",5746,-1.04887092113495
"1092",3070,-1.30186140537262
"1093",3853,-1.35746598243713
"1094",741,-1.06126570701599
"1095",2523,-1.19236731529236
"1096",975,-1.39452648162842
"1097",1386,-1.09945130348206
"1098",4078,-1.31535971164703
"1099",1246,-1.24265277385712
"1100",5386,-1.13115382194519
"1101",747,-1.08608770370483
"1102",2520,-1.00957810878754
"1103",4986,-1.25637948513031
"1104",633,-1.30518352985382
"1105",1705,-1.38168179988861
"1106",2331,-1.2305474281311
"1107",2363,-1.49327421188354
"1108",4461,-1.13094162940979
"1109",5524,-1.03748035430908
"1110",3200,-1.20291185379028
"1111",759,-1.19643044471741
"1112",2919,-1.35063970088959
"1113",5372,-1.27859568595886
"1114",3685,-1.12010788917542
"1115",3113,-1.59015214443207
"1116",4603,-1.254110455513
"1117",4095,-1.29720449447632
"1118",5422,-1.31129431724548
"1119",3595,-1.26158738136292
"1120",337,-1.2768360376358
"1121",510,-1.33407962322235
"1122",3201,-1.31058287620544
"1123",1600,-1.23951482772827
"1124",1572,-1.3038512468338
"1125",5151,-1.23501527309418
"1126",767,-1.37189424037933
"1127",3351,-1.31052732467651
"1128",3872,-1.1446042060852
"1129",2820,-1.20313107967377
"1130",88,-1.29720449447632
"1131",851,-1.3364405632019
"1132",4015,-1.28843021392822
"1133",4380,-1.23212373256683
"1134",4322,-1.24366867542267
"1135",5646,-1.11057126522064
"1136",3882,-1.13069295883179
"1137",926,-1.17817997932434
"1138",1699,-1.20677542686462
"1139",243,-1.1716890335083
"1140",4490,-1.30098557472229
"1141",2629,-1.19905352592468
"1142",5,-1.37655115127563
"1143",3885,-1.05244314670563
"1144",5763,-1.30480420589447
"1145",818,-1.08609664440155
"1146",5429,-1.41422963142395
"1147",2496,-1.42509031295776
"1148",552,-1.4693511724472
"1149",5708,-1.20846927165985
"1150",471,-1.01739799976349
"1151",1433,-1.37189424037933
"1152",1297,-1.3530535697937
"1153",4256,-1.27308881282806
"1154",4565,-1.22044730186462
"1155",4166,-1.27266979217529
"1156",5853,-1.41007149219513
"1157",4385,-1.23879790306091
"1158",1815,-1.40966331958771
"1159",666,-1.37189424037933
"1160",2979,-1.33316969871521
"1161",5404,-1.30681693553925
"1162",1253,-1.27735316753387
"1163",2178,-1.23789691925049
"1164",3478,-1.09343719482422
"1165",781,-1.02176034450531
"1166",1462,-1.45921266078949
"1167",2480,-1.26513230800629
"1168",1093,-1.20693528652191
"1169",5170,-1.35857129096985
"1170",5833,-1.05527830123901
"1171",1407,-1.22540283203125
"1172",2426,-1.26524686813354
"1173",359,-1.13581085205078
"1174",2344,-1.33833158016205
"1175",5718,-1.32980608940125
"1176",4614,-1.34593617916107
"1177",4774,-1.19713234901428
"1178",2853,-1.08302474021912
"1179",280,-1.49117588996887
"1180",5327,-1.2360931634903
"1181",1880,-1.26231551170349
"1182",4298,-1.34912967681885
"1183",3234,-1.3641802072525
"1184",2427,-1.3833976984024
"1185",1964,-1.25213837623596
"1186",3028,-1.35827195644379
"1187",1839,-1.13581085205078
"1188",1844,-1.04637384414673
"1189",1484,-1.17117834091187
"1190",1156,-1.21003913879395
"1191",4903,-1.09101033210754
"1192",2196,-1.37115728855133
"1193",2724,-1.27557504177094
"1194",426,-1.132199883461
"1195",3291,-1.25729429721832
"1196",3905,-1.34829950332642
"1197",4678,-1.13115382194519
"1198",3458,-1.31319093704224
"1199",3787,-1.2333767414093
"1200",2057,-1.17789304256439
"1201",2190,-1.07596230506897
"1202",1724,-1.23493802547455
"1203",5121,-1.04372203350067
"1204",1520,-1.30743968486786
"1205",4716,-1.22376430034637
"1206",1456,-1.20067310333252
"1207",1505,-1.30087006092072
"1208",4190,-1.25238192081451
"1209",2492,-1.3348902463913
"1210",400,-1.08829092979431
"1211",457,-1.34661674499512
"1212",3481,-1.17934560775757
"1213",5578,-1.24633049964905
"1214",5563,-1.23041999340057
"1215",3279,-1.36020982265472
"1216",1458,-1.33725357055664
"1217",3546,-1.5384840965271
"1218",307,-1.23623108863831
"1219",4044,-1.16333186626434
"1220",285,-1.2482054233551
"1221",3074,-1.06695914268494
"1222",2369,-1.32876408100128
"1223",2522,-1.0801488161087
"1224",803,-1.40407240390778
"1225",4368,-1.30561113357544
"1226",1244,-1.19239211082458
"1227",3823,-1.24173355102539
"1228",718,-1.40493524074554
"1229",5229,-1.29373228549957
"1230",1674,-1.34094476699829
"1231",1017,-1.30193066596985
"1232",164,-1.36477208137512
"1233",2015,-1.38150668144226
"1234",293,-1.03300476074219
"1235",5542,-1.24718284606934
"1236",23,-1.28454697132111
"1237",4420,-1.11101174354553
"1238",4198,-1.48943901062012
"1239",4507,-1.15020358562469
"1240",3558,-1.19446611404419
"1241",1230,-1.1212123632431
"1242",92,-1.21590185165405
"1243",3482,-1.12849283218384
"1244",4769,-1.17869818210602
"1245",5166,-1.33370864391327
"1246",5461,-1.25145244598389
"1247",287,-1.37778127193451
"1248",847,-1.24730312824249
"1249",893,-1.27324259281158
"1250",5566,-1.27360451221466
"1251",4027,-1.41166055202484
"1252",4033,-1.20045709609985
"1253",1336,-1.23123419284821
"1254",3341,-1.08295595645905
"1255",1283,-1.37684333324432
"1256",177,-1.19009530544281
"1257",5409,-1.29720449447632
"1258",3444,-1.29720449447632
"1259",1453,-1.14805972576141
"1260",4366,-1.12010788917542
"1261",4050,-1.01906323432922
"1262",711,-1.45806241035461
"1263",2895,-1.36526107788086
"1264",2676,-1.3823721408844
"1265",2220,-1.19297742843628
"1266",1023,-1.29720449447632
"1267",2446,-1.36264944076538
"1268",1438,-1.35680985450745
"1269",4282,-1.33121716976166
"1270",5433,-1.24415552616119
"1271",2647,-1.30246758460999
"1272",1236,-1.30153512954712
"1273",2078,-1.18884646892548
"1274",4204,-1.33570921421051
"1275",4773,-1.30978560447693
"1276",4236,-1.16650140285492
"1277",4277,-1.05909168720245
"1278",5180,-1.10624420642853
"1279",4845,-1.17726588249207
"1280",3319,-1.17161083221436
"1281",4324,-1.30316567420959
"1282",2316,-1.28615856170654
"1283",5390,-1.36324536800385
"1284",4670,-1.14240479469299
"1285",3013,-1.12676310539246
"1286",3405,-1.32272481918335
"1287",3834,-1.22980070114136
"1288",4843,-1.2999210357666
"1289",3769,-1.14204668998718
"1290",1073,-1.19885683059692
"1291",4656,-1.11609888076782
"1292",4286,-1.35585880279541
"1293",2671,-1.25948786735535
"1294",1160,-1.26404511928558
"1295",2011,-1.30186140537262
"1296",2860,-1.21298921108246
"1297",5797,-1.25966000556946
"1298",3755,-1.08355808258057
"1299",2800,-1.35390985012054
"1300",1637,-1.14007449150085
"1301",2905,-1.31568944454193
"1302",2279,-1.12619841098785
"1303",3826,-1.21545612812042
"1304",3609,-1.20748567581177
"1305",5354,-1.28201138973236
"1306",4820,-1.26524686813354
"1307",4882,-1.30524492263794
"1308",5391,-1.01906085014343
"1309",2209,-1.08229231834412
"1310",4875,-1.43620491027832
"1311",793,-1.29423952102661
"1312",5628,-1.0244631767273
"1313",5412,-1.044100522995
"1314",2007,-1.44514214992523
"1315",2587,-1.05145001411438
"1316",3796,-1.27996587753296
"1317",4330,-1.25213837623596
"1318",5805,-1.21787130832672
"1319",4772,-1.17869818210602
"1320",5733,-1.44325816631317
"1321",5772,-1.25918650627136
"1322",3438,-1.13171851634979
"1323",4181,-1.32180392742157
"1324",4075,-1.26431691646576
"1325",4290,-1.15079784393311
"1326",4134,-1.34776663780212
"1327",5367,-1.23287272453308
"1328",3852,-1.200563788414
"1329",2537,-1.24487292766571
"1330",216,-1.13273429870605
"1331",2099,-1.20480489730835
"1332",1960,-1.12619841098785
"1333",1780,-1.16274547576904
"1334",5217,-1.13581085205078
"1335",1957,-1.3173098564148
"1336",4141,-1.30242609977722
"1337",395,-1.16123974323273
"1338",675,-1.20600295066833
"1339",2799,-1.13945615291595
"1340",5871,-1.34813940525055
"1341",2375,-1.24153101444244
"1342",320,-1.29281365871429
"1343",729,-1.25270307064056
"1344",5472,-1.12181127071381
"1345",2627,-1.33784079551697
"1346",4735,-1.06732594966888
"1347",188,-1.28707206249237
"1348",4913,-1.24233484268188
"1349",4269,-1.00493776798248
"1350",386,-1.43125653266907
"1351",3212,-1.43039155006409
"1352",4361,-1.27561354637146
"1353",641,-1.22181928157806
"1354",1878,-1.22026669979095
"1355",2066,-1.31803798675537
"1356",4446,-1.32187259197235
"1357",3707,-1.29720449447632
"1358",3855,-1.11972916126251
"1359",4479,-1.23860478401184
"1360",259,-1.28973460197449
"1361",2173,-1.34533381462097
"1362",4220,-1.39157688617706
"1363",4623,-1.23653829097748
"1364",585,-1.4169921875
"1365",421,-1.33477914333344
"1366",2779,-1.22170412540436
"1367",1051,-1.27939224243164
"1368",3114,-1.27561354637146
"1369",556,-1.1115837097168
"1370",4080,-1.17275929450989
"1371",5570,-1.51219642162323
"1372",2403,-1.29720449447632
"1373",1622,-1.41510140895844
"1374",4752,-1.06459593772888
"1375",38,-1.34462511539459
"1376",2128,-1.26960754394531
"1377",5734,-1.28672325611115
"1378",4518,-1.33784079551697
"1379",4897,-1.42660546302795
"1380",4017,-1.04985117912292
"1381",4492,-1.22459888458252
"1382",1214,-1.31243121623993
"1383",3119,-1.20161974430084
"1384",2558,-1.09946608543396
"1385",3771,-1.2973313331604
"1386",3894,-1.04598820209503
"1387",627,-1.30681693553925
"1388",5219,-1.18961811065674
"1389",1946,-1.03918695449829
"1390",4487,-0.938683807849884
"1391",4288,-1.20133578777313
"1392",916,-1.06209433078766
"1393",5351,-1.33700525760651
"1394",1081,-1.19969153404236
"1395",70,-1.13493502140045
"1396",622,-1.25972485542297
"1397",4625,-1.14876484870911
"1398",1316,-1.25948786735535
"1399",5701,-1.25240623950958
"1400",2726,-1.41563808917999
"1401",3776,-1.14728045463562
"1402",5261,-1.283731341362
"1403",5834,-1.13112187385559
"1404",4021,-1.29720449447632
"1405",3608,-1.21178948879242
"1406",169,-1.24074304103851
"1407",1791,-1.50503754615784
"1408",2366,-1.17988562583923
"1409",59,-1.05001473426819
"1410",1829,-1.27561354637146
"1411",3593,-1.13454651832581
"1412",2283,-1.30681693553925
"1413",41,-1.13491976261139
"1414",4243,-1.29915118217468
"1415",5753,-1.36676967144012
"1416",4858,-1.3256459236145
"1417",821,-1.08481526374817
"1418",5079,-1.28779709339142
"1419",1913,-1.25213837623596
"1420",308,-1.06724262237549
"1421",2593,-1.25948786735535
"1422",2755,-0.997315227985382
"1423",3559,-1.27732670307159
"1424",2273,-1.42205405235291
"1425",3015,-1.29776918888092
"1426",3611,-1.34032559394836
"1427",5001,-1.24234759807587
"1428",2729,-1.13115382194519
"1429",1912,-1.29720449447632
"1430",717,-1.13481938838959
"1431",5522,-1.15241539478302
"1432",730,-1.19571006298065
"1433",110,-1.09992039203644
"1434",3342,-1.19908940792084
"1435",54,-1.20202088356018
"1436",2957,-1.50614869594574
"1437",1481,-1.32682812213898
"1438",2786,-1.21607542037964
"1439",3739,-1.10821175575256
"1440",1279,-1.11710977554321
"1441",1162,-1.23549318313599
"1442",5194,-1.19054901599884
"1443",4226,-1.32108628749847
"1444",4294,-1.2444896697998
"1445",5508,-1.14133095741272
"1446",2100,-1.32868695259094
"1447",4156,-1.21531116962433
"1448",1714,-1.14717316627502
"1449",2505,-1.25940585136414
"1450",4987,-1.52473759651184
"1451",5377,-1.41502702236176
"1452",619,-1.23111212253571
"1453",1895,-1.14987087249756
"1454",1849,-1.36873435974121
"1455",2461,-1.2305474281311
"1456",225,-1.16276609897614
"1457",5393,-1.31433856487274
"1458",5825,-1.18015837669373
"1459",2103,-1.27339029312134
"1460",3499,-1.25366771221161
"1461",4935,-1.24936211109161
"1462",1734,-1.078617811203
"1463",2986,-1.3276504278183
"1464",3036,-1.30270051956177
"1465",809,-1.29087543487549
"1466",1476,-1.2389440536499
"1467",1479,-1.23808825016022
"1468",2561,-1.34530282020569
"1469",2839,-1.13410305976868
"1470",275,-1.28700137138367
"1471",657,-1.16204833984375
"1472",4485,-1.36063516139984
"1473",4624,-1.2070164680481
"1474",261,-1.29949533939362
"1475",4622,-1.07366228103638
"1476",2637,-1.25213837623596
"1477",5518,-1.16452038288116
"1478",2584,-1.23789691925049
"1479",2146,-1.32114636898041
"1480",448,-1.26966774463654
"1481",1174,-1.24667143821716
"1482",681,-1.31502592563629
"1483",1552,-1.17095470428467
"1484",607,-1.13318455219269
"1485",4169,-1.17531478404999
"1486",5705,-1.24466848373413
"1487",2625,-1.0549613237381
"1488",3986,-1.27123630046844
"1489",922,-1.58945977687836
"1490",4114,-1.13115382194519
"1491",1609,-1.24998164176941
"1492",2113,-1.22997856140137
"1493",4384,-1.16340327262878
"1494",3577,-1.12045061588287
"1495",1294,-1.05990386009216
"1496",1940,-1.14133095741272
"1497",3990,-1.32545816898346
"1498",3687,-1.15594232082367
"1499",547,-1.1553909778595
"1500",4051,-1.23226773738861
"1501",2393,-1.33349633216858
"1502",663,-1.39723372459412
"1503",4043,-1.04241859912872
"1504",5091,-1.08289098739624
"1505",874,-1.12676310539246
"1506",1119,-1.29591453075409
"1507",5207,-1.20374739170074
"1508",3032,-1.13115382194519
"1509",1321,-1.46921622753143
"1510",2668,-1.20946633815765
"1511",5619,-1.14939999580383
"1512",5638,-1.31254684925079
"1513",5874,-1.09536910057068
"1514",1827,-1.16583287715912
"1515",1357,-1.16642928123474
"1516",1350,-1.24074304103851
"1517",4187,-1.01865363121033
"1518",208,-1.23424851894379
"1519",1519,-1.19942152500153
"1520",5100,-1.26175081729889
"1521",4589,-1.01155173778534
"1522",5635,-1.17002534866333
"1523",846,-1.27400410175323
"1524",5214,-1.09132099151611
"1525",3631,-1.33629405498505
"1526",5487,-1.08342361450195
"1527",4359,-1.39657187461853
"1528",1855,-1.20091569423676
"1529",2792,-1.25754797458649
"1530",3192,-1.23775863647461
"1531",3493,-1.18972492218018
"1532",5521,-1.33292806148529
"1533",2377,-1.29720449447632
"1534",4112,-1.26463353633881
"1535",2088,-1.31498670578003
"1536",2864,-1.25779247283936
"1537",551,-1.22536265850067
"1538",1341,-1.41706037521362
"1539",2019,-1.29720449447632
"1540",1910,-1.19054901599884
"1541",5621,-1.27972829341888
"1542",3265,-1.26966500282288
"1543",3802,-1.22376430034637
"1544",2389,-1.09086489677429
"1545",4003,-1.29644703865051
"1546",2247,-1.24125349521637
"1547",3283,-1.26625502109528
"1548",1744,-1.25966000556946
"1549",1565,-1.31884276866913
"1550",1186,-1.2064083814621
"1551",4171,-1.1524749994278
"1552",3700,-1.41750252246857
"1553",3452,-1.05771350860596
"1554",5036,-1.38950049877167
"1555",1723,-1.29195189476013
"1556",5737,-1.29200744628906
"1557",142,-1.27730691432953
"1558",2773,-1.48961269855499
"1559",3016,-1.29720449447632
"1560",2738,-1.15379083156586
"1561",562,-1.27458488941193
"1562",4804,-1.19285416603088
"1563",1919,-1.43558812141418
"1564",3027,-1.46663582324982
"1565",3523,-1.13128054141998
"1566",816,-1.24213194847107
"1567",3574,-1.25709772109985
"1568",635,-1.19446611404419
"1569",595,-1.28973460197449
"1570",2620,-1.22731637954712
"1571",5624,-1.13353836536407
"1572",1197,-1.2305474281311
"1573",3657,-1.3276504278183
"1574",2334,-1.27095592021942
"1575",5706,-1.13898432254791
"1576",4394,-1.27561354637146
"1577",4740,-1.15710723400116
"1578",197,-1.07319927215576
"1579",5206,-1.32493960857391
"1580",311,-1.09074473381042
"1581",4313,-1.01724243164062
"1582",3304,-1.22814619541168
"1583",4004,-1.19347333908081
"1584",316,-1.2064083814621
"1585",1851,-1.18740725517273
"1586",184,-1.40448617935181
"1587",775,-1.12887668609619
"1588",2185,-1.35963177680969
"1589",3082,-1.28772723674774
"1590",2246,-1.26625502109528
"1591",1656,-1.1495201587677
"1592",4432,-1.48698329925537
"1593",3363,-1.16340327262878
"1594",1939,-1.16126012802124
"1595",1907,-1.04783833026886
"1596",4504,-1.30087006092072
"1597",2017,-1.19054901599884
"1598",4382,-1.03006601333618
"1599",332,-1.19930255413055
"1600",5614,-1.04039990901947
"1601",3625,-1.14059662818909
"1602",4874,-0.904370725154877
"1603",2507,-1.27123522758484
"1604",4496,-1.11044704914093
"1605",4849,-1.34723651409149
"1606",4956,-1.34647357463837
"1607",955,-1.12368404865265
"1608",1706,-1.40092957019806
"1609",3155,-1.37677049636841
"1610",773,-1.34593617916107
"1611",2596,-1.17179024219513
"1612",1365,-1.31758165359497
"1613",1201,-1.2106785774231
"1614",2009,-1.29720449447632
"1615",1091,-1.25706100463867
"1616",4544,-1.2339414358139
"1617",2825,-1.08693194389343
"1618",2732,-1.20908308029175
"1619",2,-1.39203715324402
"1620",3159,-1.25270307064056
"1621",5066,-1.34341025352478
"1622",2727,-1.4993189573288
"1623",3009,-1.21537339687347
"1624",565,-1.18349087238312
"1625",2219,-1.45313394069672
"1626",1060,-1.18944358825684
"1627",3450,-1.02822124958038
"1628",959,-1.17559695243835
"1629",3061,-1.19989240169525
"1630",1830,-1.25213837623596
"1631",1181,-1.16414999961853
"1632",3851,-1.18033671379089
"1633",5687,-1.15415716171265
"1634",473,-1.29224896430969
"1635",4172,-1.24057197570801
"1636",2730,-1.36694693565369
"1637",2577,-1.24130654335022
"1638",2396,-1.48513841629028
"1639",27,-1.2756587266922
"1640",3777,-1.21376073360443
"1641",603,-1.13220298290253
"1642",3225,-1.40938913822174
"1643",3066,-1.19885683059692
"1644",3860,-1.22376430034637
"1645",4494,-1.28338491916656
"1646",3195,-1.06011116504669
"1647",3891,-1.30406355857849
"1648",5554,-1.20363831520081
"1649",4008,-1.12273502349854
"1650",894,-1.45415949821472
"1651",1509,-1.28258979320526
"1652",1254,-1.23969054222107
"1653",2689,-1.3364405632019
"1654",5287,-1.28051173686981
"1655",2795,-1.3408614397049
"1656",4896,-1.35583674907684
"1657",1370,-1.25096333026886
"1658",1411,-1.15198731422424
"1659",411,-1.47278523445129
"1660",5446,-1.40618431568146
"1661",1811,-1.2058436870575
"1662",2733,-1.27371513843536
"1663",532,-1.18294477462769
"1664",1846,-1.00255942344666
"1665",4321,-1.21590185165405
"1666",4200,-1.09487807750702
"1667",2040,-1.16082775592804
"1668",5337,-1.2585973739624
"1669",5027,-1.2351450920105
"1670",1273,-1.19583225250244
"1671",3494,-1.28656816482544
"1672",792,-1.20650458335876
"1673",1692,-1.21767461299896
"1674",2285,-1.06852126121521
"1675",1262,-1.27266979217529
"1676",2380,-1.30681693553925
"1677",484,-1.30413663387299
"1678",1682,-1.15687131881714
"1679",3391,-1.05926132202148
"1680",3929,-1.18336367607117
"1681",1468,-1.21632957458496
"1682",1804,-1.27561354637146
"1683",3077,-1.32854080200195
"1684",71,-1.13970923423767
"1685",5435,-1.20336174964905
"1686",5052,-1.07629704475403
"1687",3073,-1.42926418781281
"1688",19,-1.37375330924988
"1689",3068,-1.13288652896881
"1690",4977,-1.28078377246857
"1691",4400,-1.27555680274963
"1692",986,-1.12015974521637
"1693",5798,-1.27561354637146
"1694",5627,-1.15283238887787
"1695",1208,-1.1120879650116
"1696",2874,-1.13115382194519
"1697",2804,-1.1089836359024
"1698",5019,-1.45439887046814
"1699",932,-1.12010788917542
"1700",3242,-1.29137313365936
"1701",131,-1.29720449447632
"1702",1653,-1.27561354637146
"1703",1399,-1.39452648162842
"1704",2610,-1.22018074989319
"1705",1882,-1.36526107788086
"1706",3988,-1.24733996391296
"1707",375,-1.35063970088959
"1708",2743,-1.12619841098785
"1709",5839,-1.29720449447632
"1710",1258,-1.11890029907227
"1711",1902,-1.18824851512909
"1712",1245,-1.3558806180954
"1713",1040,-1.34494292736053
"1714",5576,-1.36119985580444
"1715",465,-1.62831735610962
"1716",3053,-1.1178971529007
"1717",80,-1.08608770370483
"1718",3367,-1.13405513763428
"1719",1794,-1.31332409381866
"1720",4651,-1.19037270545959
"1721",2411,-1.43565821647644
"1722",2090,-1.30797970294952
"1723",5759,-1.13867545127869
"1724",931,-1.24074304103851
"1725",5335,-1.20849514007568
"1726",2348,-1.11252689361572
"1727",2538,-1.10853433609009
"1728",4842,-1.3661642074585
"1729",2782,-1.27461934089661
"1730",32,-1.07204270362854
"1731",2376,-1.13171851634979
"1732",1831,-1.28973460197449
"1733",2757,-1.06716990470886
"1734",481,-0.910252213478088
